author_a,author_b,shared_papers,paper_ids
Guanjun Liu,Ziyuan Zhou,7,32;33;34;46;51;98;135
Eric Mazumdar,Laixi Shi,5,2;3;11;12;94
Jun Guo,Simin Li,4,73;97;99;152
Simin Li,Xianglong Liu,4,31;73;97;152
Adam Wierman,Eric Mazumdar,4,2;3;5;94
Guanjun Liu,Weiran Guo,4,32;33;46;51
Weiran Guo,Ziyuan Zhou,4,32;33;46;51
Furong Huang,Yanchao Sun,3,16;61;106
Eric Mazumdar,Kishan Panaganti,3,5;11;12
Guanjun Liu,Jiacun Wang,3,32;33;135
Jiacun Wang,Ziyuan Zhou,3,32;33;135
Jingqiao Xiu,Simin Li,3,31;73;152
Jingqiao Xiu,Xianglong Liu,3,31;73;152
Jingqiao Xiu,Yaodong Yang,3,31;73;152
Jun Guo,Xianglong Liu,3,73;97;152
Simin Li,Yaodong Yang,3,31;73;152
Xianglong Liu,Yaodong Yang,3,31;73;152
Fei Miao,Shaofeng Zou,3,28;29;154
Fei Miao,Shuo Han,3,28;29;154
Fei Miao,Sihong He,3,28;29;154
Shaofeng Zou,Shuo Han,3,28;29;154
Shaofeng Zou,Sihong He,3,28;29;154
Shuo Han,Sihong He,3,28;29;154
Jeremy McMahan,Qiaomin Xie,3,54;159;192
Feng Chen,Lei Yuan,3,57;65;169
Feng Chen,Yang Yu,3,57;65;169
Lei Yuan,Yang Yu,3,57;65;169
Adam Wierman,Laixi Shi,3,2;3;94
Adam Wierman,Yuejie Chi,3,2;3;94
Eric Mazumdar,Yuejie Chi,3,2;3;94
Laixi Shi,Yuejie Chi,3,2;3;94
Aizaz Sharif,Dusica Marijan,2,58;105
Ehsan Sabouni,Fei Miao,2,106;107
Ehsan Sabouni,Wenchao Li,2,106;107
Ehsan Sabouni,Zhili Zhang,2,106;107
Fei Miao,Wenchao Li,2,106;107
Fei Miao,Zhili Zhang,2,106;107
Wenchao Li,Zhili Zhang,2,106;107
Fei Miao,Song Han,2,107;108
Kishan Panaganti,Laixi Shi,2,11;12
Alex Yahja,Anh Le,2,127;128
Alex Yahja,Bo Ryu,2,127;128
Alex Yahja,Ejaz Ahmed,2,127;128
Alex Yahja,Jae H. Kim,2,127;128
Alex Yahja,Kevin Larson,2,127;128
Alex Yahja,Saeed Kaviani,2,127;128
Anh Le,Bo Ryu,2,127;128
Anh Le,Ejaz Ahmed,2,127;128
Anh Le,Jae H. Kim,2,127;128
Anh Le,Kevin Larson,2,127;128
Anh Le,Saeed Kaviani,2,127;128
Bo Ryu,Ejaz Ahmed,2,127;128
Bo Ryu,Jae H. Kim,2,127;128
Bo Ryu,Kevin Larson,2,127;128
Bo Ryu,Saeed Kaviani,2,127;128
Ejaz Ahmed,Jae H. Kim,2,127;128
Ejaz Ahmed,Kevin Larson,2,127;128
Ejaz Ahmed,Saeed Kaviani,2,127;128
Jae H. Kim,Kevin Larson,2,127;128
Jae H. Kim,Saeed Kaviani,2,127;128
Kevin Larson,Saeed Kaviani,2,127;128
Amanda Prorok,Jan Blumenkamp,2,148;168
Shaofeng Zou,Yi Zhou,2,20;150
Aishan Liu,Jiakai Wang,2,73;152
Aishan Liu,Jingqiao Xiu,2,73;152
Aishan Liu,Jun Guo,2,73;152
Aishan Liu,Simin Li,2,73;152
Aishan Liu,Xianglong Liu,2,73;152
Aishan Liu,Xin Yu,2,73;152
Aishan Liu,Yaodong Yang,2,73;152
Bo An,Jingqiao Xiu,2,31;152
Bo An,Pu Feng,2,31;152
Bo An,Simin Li,2,31;152
Bo An,Xianglong Liu,2,31;152
Bo An,Yaodong Yang,2,31;152
Bo An,Yuwei Zheng,2,31;152
Jiakai Wang,Jingqiao Xiu,2,73;152
Jiakai Wang,Jun Guo,2,73;152
Jiakai Wang,Simin Li,2,73;152
Jiakai Wang,Xianglong Liu,2,73;152
Jiakai Wang,Xin Yu,2,73;152
Jiakai Wang,Yaodong Yang,2,73;152
Jingqiao Xiu,Jun Guo,2,73;152
Jingqiao Xiu,Pu Feng,2,31;152
Jingqiao Xiu,Xin Yu,2,73;152
Jingqiao Xiu,Yuwei Zheng,2,31;152
Jun Guo,Xin Yu,2,73;152
Jun Guo,Yaodong Yang,2,73;152
Pu Feng,Simin Li,2,31;152
Pu Feng,Xianglong Liu,2,31;152
Pu Feng,Yaodong Yang,2,31;152
Pu Feng,Yuwei Zheng,2,31;152
Simin Li,Xin Yu,2,73;152
Simin Li,Yuwei Zheng,2,31;152
Xianglong Liu,Xin Yu,2,73;152
Xianglong Liu,Yuwei Zheng,2,31;152
Xin Yu,Yaodong Yang,2,73;152
Yaodong Yang,Yuwei Zheng,2,31;152
Shaofeng Zou,Yue Wang,2,20;154
Claudia Szabo,Junae Kim,2,50;156
Claudia Szabo,Maxwell Standen,2,50;156
Junae Kim,Maxwell Standen,2,50;156
Guanlin Liu,Lifeng Lai,2,47;157
Feng Chen,Zongzhang Zhang,2,65;169
Lei Yuan,Zongzhang Zhang,2,65;169
Yang Yu,Zongzhang Zhang,2,65;169
Eetu-Aleksi Rantala,Joni Pajarinen,2,40;176
Eetu-Aleksi Rantala,Jorge Peña-Queralta,2,40;176
Eetu-Aleksi Rantala,Sahar Salimpour,2,40;176
Eetu-Aleksi Rantala,Wenshuai Zhao,2,40;176
Joni Pajarinen,Jorge Peña-Queralta,2,40;176
Joni Pajarinen,Sahar Salimpour,2,40;176
Joni Pajarinen,Wenshuai Zhao,2,40;176
Jorge Peña-Queralta,Sahar Salimpour,2,40;176
Jorge Peña-Queralta,Wenshuai Zhao,2,40;176
Sahar Salimpour,Wenshuai Zhao,2,40;176
Dimitra Panagou,Haejoon Lee,2,78;179
Jeremy McMahan,Xiaojin Zhu,2,54;192
Jeremy McMahan,Young Wu,2,54;192
Qiaomin Xie,Xiaojin Zhu,2,54;192
Qiaomin Xie,Young Wu,2,54;192
Xiaojin Zhu,Young Wu,2,54;192
Fei Miao,Sanbao Su,2,28;29
Fei Miao,Songyang Han,2,28;29
Sanbao Su,Shaofeng Zou,2,28;29
Sanbao Su,Shuo Han,2,28;29
Sanbao Su,Sihong He,2,28;29
Sanbao Su,Songyang Han,2,28;29
Shaofeng Zou,Songyang Han,2,28;29
Shuo Han,Songyang Han,2,28;29
Sihong He,Songyang Han,2,28;29
Jingqiao Xiu,Ruixiao Xu,2,31;73
Ruixiao Xu,Simin Li,2,31;73
Ruixiao Xu,Xianglong Liu,2,31;73
Ruixiao Xu,Yaodong Yang,2,31;73
Jiacun Wang,Weiran Guo,2,32;33
Danya Yao,Huaxin Pei,2,35;77
Danya Yao,Yi Zhang,2,35;77
Danya Yao,Yuchen Shi,2,35;77
Huaxin Pei,Yi Zhang,2,35;77
Huaxin Pei,Yuchen Shi,2,35;77
Yi Zhang,Yuchen Shi,2,35;77
Jingchu Gai,Laixi Shi,2,3;4
Seungyul Han,Sunwoo Lee,2,44;45
Seungyul Han,Yonghyeon Jo,2,44;45
Sunwoo Lee,Yonghyeon Jo,2,44;45
Guanjun Liu,MengChu Zhou,2,46;51
MengChu Zhou,Weiran Guo,2,46;51
MengChu Zhou,Ziyuan Zhou,2,46;51
Feng Chen,Lihe Li,2,57;65
Lei Yuan,Lihe Li,2,57;65
Lihe Li,Yang Yu,2,57;65
Jieyu Lin,Sai Qian Zhang,2,59;66
Haozheng Luo,Yiting Zhang,2,87;88
Haozheng Luo,Zhenyu Pan,2,87;88
Yiting Zhang,Zhenyu Pan,2,87;88
Ehsan Sabouni,Furong Huang,1,106
Ehsan Sabouni,Yanchao Sun,1,106
Fei Miao,Furong Huang,1,106
Fei Miao,Yanchao Sun,1,106
Furong Huang,Wenchao Li,1,106
Furong Huang,Zhili Zhang,1,106
Wenchao Li,Yanchao Sun,1,106
Yanchao Sun,Zhili Zhang,1,106
Ehsan Sabouni,Song Han,1,107
Song Han,Wenchao Li,1,107
Song Han,Zhili Zhang,1,107
Aishan Liu,Bo An,1,152
Aishan Liu,Pu Feng,1,152
Aishan Liu,Yuwei Zheng,1,152
Bo An,Jiakai Wang,1,152
Bo An,Jun Guo,1,152
Bo An,Xin Yu,1,152
Jiakai Wang,Pu Feng,1,152
Jiakai Wang,Yuwei Zheng,1,152
Jun Guo,Pu Feng,1,152
Jun Guo,Yuwei Zheng,1,152
Pu Feng,Xin Yu,1,152
Xin Yu,Yuwei Zheng,1,152
Fei Miao,Yue Wang,1,154
Shuo Han,Yue Wang,1,154
Sihong He,Yue Wang,1,154
Alvaro Velasquez,Shaofeng Zou,1,20
Alvaro Velasquez,Yi Zhou,1,20
Alvaro Velasquez,Yue Wang,1,20
Yi Zhou,Yue Wang,1,20
Bo An,Ruixiao Xu,1,31
Pu Feng,Ruixiao Xu,1,31
Ruixiao Xu,Yuwei Zheng,1,31
Adam Wierman,Jingchu Gai,1,3
Eric Mazumdar,Jingchu Gai,1,3
Jingchu Gai,Yuejie Chi,1,3
Fei Fang,Stuart Russell,1,43
Adam Wierman,Kishan Panaganti,1,5
Lihe Li,Zongzhang Zhang,1,65
Aishan Liu,Ruixiao Xu,1,73
Jiakai Wang,Ruixiao Xu,1,73
Jun Guo,Ruixiao Xu,1,73
Ruixiao Xu,Xin Yu,1,73
