count,title,year,arxiv,probable_duplicate,nearest_set_id,nearest_score,citing_papers,rep_raw
10,ROMAX: Certifiably robust deep multiagent reinforcement learning via convex relaxation,2022,2109.06795,False,33,66.7,10 16 28 29 31 46 65 73 79 97,"Sun, C., Kim, D., and How, J. P. ROMAX: certifiably robust deep multiagent reinforcement learning via con- vex relaxation. In 2022 International Conference on Robotics and Automation, ICRA 2022, Philadelphia, PA, USA, May 23-27, 2022, pp. 5503-5510. IEEE, 2022a."
9,Gaussian process based message filtering for robust multi-agent cooperation in the presence of adversarial communication,2020,2012.00508,False,68,67.3,60 61 63 64 65 67 68 80 96,"Aleksander Madry, Aleksandar Makelov, Ludwig Schmidt, Dimitris Tsipras, and Adrian Vladu. To- wards deep learning models resistant to adversarial attacks. In International Conference on Learn- ing Representations, 2018. URL https://openreview.net/forum?id=rJzIBfZAb. Rupert Mitchell, Jan Blumenkamp, "
8,Decentralized robust v-learning for solving markov games with model un- certainty,2023,,False,124,59.7,2 3 4 5 6 8 9 93,"Decentralized robust v-learning for solving markov games with model un- certainty. Journal of Machine Learning Research, 24(371): 1-40. Ma, X.; Liang, Z.; Blanchet, J.; Liu, M.; Xia, L.; Zhang, J.; Zhao, Q.; and Zhou, Z. 2022."
7,Adversarial Attacks On Multi-Agent Communication,2021,2101.06560,False,47,75.0,44 45 50 61 63 65 68,"Dimitris Tsipras, Shibani Santurkar, Logan Engstrom, Alexander Turner, and Aleksander Madry. Ro- bustness may be at odds with accuracy. In International Conference on Learning Representations, 2019. URL https://openreview.net/forum?id=SyxAb30cY7. James Tu, Tsunhsuan Wang, Jingkang Wang, Sivabalan Ma"
7,Learning and testing resilience in cooperative multi- agent systems,2020,,False,97,72.5,16 29 31 41 73 74 97,"Thomy Phan, Thomas Gabor, Andreas Sedlmeier, Fabian Ritz, Bernhard Kempter, Cornel Klein, Horst Sauer, Reiner Schmid, Jan Wieghardt, Marc Zeller, et al. Learning and testing resilience in cooperative multi-agent systems. In Proceedings of the 19th International Conference on Au- tonomous Agents and "
5,Safe and robust multi-agent reinforcement learning for connected autonomous vehicles under state perturbations,2023,2309.11057,False,98,74.8,2 5 44 51 94,"Zhang, Z., Sun, Y., Huang, F., and Miao, F. (2023c). Safe and robust multi-agent reinforcement learning for connected autonomous vehicles under state perturbations. arXiv preprint arXiv:2309.11057. 21 Zhang, Z., Zhou, Y., and Ji, X. (2020e). Model-free reinforcement learning: from clipped pseudo-reg"
5,Attacking cooperative multi-agent reinforcement learning by adversarial minority influence,2023,2302.03322,False,52,72.9,31 51 97 98 103,"Simin Li, Jun Guo, Jingqiao Xiu, Yuwei Zheng, Pu Feng, Xin Yu, Aishan Liu, Yaodong Yang, Bo An, Wenjun Wu, et al. Attacking cooperative multi-agent reinforcement learning by adversarial minority influence. arXiv preprint arXiv:2302.03322, 2023."
5,Resilience enhancement of multi-agent reinforcement learning-based demand response against adversarial attacks,2022,,False,110,71.0,2 3 4 93 97,"Lanting Zeng, Dawei Qiu, and Mingyang Sun. Resilience enhancement of multi-agent reinforce- ment learning-based demand response against adversarial attacks. Applied Energy, 324:119688, 2022."
5,A robust and constrained multi-agent reinforcement learning electric vehicle rebalancing method in amod systems,2022,2209.08230,False,3,65.6,18 28 31 44 137,"S. He, Y. Wang, S. Han, S. Zou, and F. Miao, ""A robust and constrained multi-agent reinforcement learning electric vehicle rebalancing method in amod systems,"" in 2023 IEEE/RSJ International Conference on Intelligent Robots and Systems (IROS), 2023, pp. 5637-5644."
5,Evaluating robustness of cooperative marl: A model-based approach,2022,2202.03558,False,59,59.5,32 33 49 62 98,"N. H. Pham, L. M. Nguyen, J. Chen, H. T. Lam, S. Das, and T.-W. Weng. ""Evaluating robustness of cooperative MARL: A model-based approach."" 2023. [Online]. Available: https://openreview.net/forum?id=kugE_tCwsC"
3,Efficient adversarial attacks on online multi-agent reinforcement learning,2023,2307.07670,False,52,76.1,47 48 103,"Liu G, LAI L (2023) Efficient adversarial attacks on online multi-agent reinforcement learning. In: Oh A, Neumann T, Globerson A, Saenko K, Hardt M, Levine S (eds.) Advances in Neural Information Processing Systems, vol. 36, pp. 24401-24433 . https://proceedings.neurips.cc/paper_files/paper/2023/ fi"
3,One4all: Manipulate one agent to poison the cooperative multi-agent reinforcement learning,2023,,False,59,71.8,48 76 103,"Haibin Zheng, Xiaohao Li, Jinyin Chen, Jianfeng Dong, Yan Zhang, and Changting Lin. One4all: Manipulate one agent to poison the cooperative multi- agent reinforcement learning. Computers & Security, 124:103005, 2023. A"
3,"J., Artiglio, G., and Xie, Q. Roping in uncer- tainty: Robustness and regularization in markov games",2024,,False,16,52.9,9 11 12,"McMahan, J., Artiglio, G., and Xie, Q. Roping in uncer- tainty: Robustness and regularization in markov games. In Forty-first International Conference on Machine Learn- ing (ICML). OpenReview.net, 2024."
2,Robust co- operative multi-agent reinforcement learning via multi-view message certification,2024,,False,65,76.2,44 67,"L. Yuan, T. Jiang, L. Li, F. Chen, Z. Zhang, and Y. Yu, ""Robust co- operative multi-agent reinforcement learning via multi-view message certification,"" Science China Information Sciences, vol. 67, no. 4, p. 142102, 2024."
2,Learning effi- cient and robust multi-agent communication via graph information bottleneck,2024,,False,64,76.2,45 67,"S. Ding, W. Du, L. Ding, L. Guo, and J. Zhang, ""Learning effi- cient and robust multi-agent communication via graph information bottleneck,"" in Proceedings of the AAAI Conference on Artificial Intelligence, vol. 38, no. 16, 2024, pp. 17 346-17 353."
2,Sok: Adversarial machine learning attacks and defences in multi-agent reinforcement learning,2023,2301.04299,False,44,73.2,52 103,"Standen M, Kim J, Szabo C (2023) Sok: Adversarial machine learning attacks and defences in multi-agent reinforcement learning. arXiv preprint arXiv:2301.04299"
2,Adversarial machine learning attacks and defences in multi-agent reinforcement learning,2025,,False,45,71.7,50 67,"M. Standen, J. Kim, and C. Szabo, ""Adversarial Machine Learning Attacks and Defences in Multi-Agent Reinforcement Learning,"" ACM Comput. Surv., vol. 57, pp. 124:1-124:35, Jan. 2025."
2,Adversarial attacks in consensus-based multi-agent reinforce- ment learning,2021,,False,44,69.4,78 103,"M. Figura, K. C. Kosaraju, and V. Gupta, ""Adversarial attacks in consensus-based multi-agent reinforcement learning,"" in 2021 Ameri- can Control Conference (ACC), 2021, pp. 3050-3055."
2,"X., Chen, H., Wang, C., Xing, Y., Yang, J., Philip, S. Y., Chang, Y., and He, L. Robust multi-agent reinforcement learning via bayesian distributional value estimation",2024,,False,5,65.3,44 45,"Du, X., Chen, H., Wang, C., Xing, Y., Yang, J., Philip, S. Y., Chang, Y., and He, L. Robust multi-agent reinforcement learning via bayesian distributional value estimation. Pat- tern Recognition, 145:109917, 2024."
1,Toward fault tolerance in multi-agent reinforcement learning,2025,,True,77,99.2,35,"Y. Shi, H. Pei, L. Feng, Y. Zhang, and D. Yao, ""Toward fault tolerance in multi-agent reinforcement learning,"" IEEE Transactions on Automation Science and Engineering, vol. 22, pp. 19 007-19 024, 2025."
1,Marnet: Backdoor attacks against cooperative multi-agent reinforcement learning,2022,,False,48,86.4,103,"Chen Y, Zheng Z, Gong X (2022) Marnet: Backdoor attacks against cooperative multi-agent reinforcement learning. IEEE Trans Dependable Secur Comput"
1,Communication-efficient and resilient distributed deep reinforcement learning for multi-agent systems,2024,,False,67,77.5,78,"J. Yao and X. Gong, ""Communication-efficient and resilient distributed deep reinforcement learning for multi-agent systems,"" in 2024 IEEE International Conference on Unmanned Systems (ICUS), 2024, pp. 1521-1526."
1,Security analysis of poisoning attacks against multi-agent reinforcement learning,2021,,False,54,76.8,103,"Xie Z, Xiang Y, Li Y, Zhao S, Tong E, Niu W, Liu J, Wang J (2021) Security analysis of poisoning attacks against multi-agent reinforcement learning. In: International Conference on Algorithms and Architectures for Parallel Processing, pp. 660-675 . Springer"
1,Robustness evaluation of multi-agent reinforcement learning algorithms using gnas,2023,,False,104,75.7,103,"Zhang X, Zhang W, Gong Y, Yang L, Zhang J, Chen Z, He S (2023) Robustness evaluation of multi-agent reinforcement learning algorithms using gnas"
1,Adversarial attacks on multi-agent communication,2021,,False,47,75.0,64,"T. James, W. Tsunhsuan, M. Sivabalan, R. Mengye, and U. Raquel, ""Adversarial attacks on multi-agent communication,"" in Proc. IEEE/CVF 18th Int. Conf. Comput. Vis., Montreal, Canada, 2021, pp. 7768-7777."
1,Safe multi-agent reinforcement learning for wireless applications against adversarial communications,2024,,False,110,74.4,67,"Z. Lv, L. Xiao, Y. Chen, H. Chen, and X. Ji, ""Safe multi-agent reinforcement learning for wireless applications against adversarial communications,"" IEEE Transactions on Information Forensics and Security, vol. 19, pp. 6824-6839, 2024."
1,Towards resilience for multi-agent qd-learning,2021,,False,22,73.7,78,"Y. Xie, S. Mou, and S. Sundaram, ""Towards resilience for multi-agent qd-learning,"" in 2021 60th IEEE Conference on Decision and Control (CDC), 2021, pp. 1250-1255."
1,Attacking cooperative multi-agent reinforcement learning by adversarial minority influence,2025,,False,52,72.9,49,"S. Li, J. Guo, J. Xiu, Y. Zheng, P. Feng, X. Yu, J. Wang, A. Liu, Y. Yang, B. An et al., ""Attacking cooperative multi-agent reinforcement learning by adversarial minority influence,"" Neural Networks, p. 107747, 2025."
1,The emergence of ad- versarial communication in multi-agent reinforcement learn- ing,2020,,False,67,72.7,60,"The emergence of ad- versarial communication in multi-agent reinforcement learn- ing. In Conference on Robot Learning, 1394-1414. PMLR. Chu, T.; Chinchali, S.; and Katti, S. 2020."
1,Adversarial attacks on multi-agent com- munication,1992,,False,47,72.4,60,"Adversarial attacks on multi-agent com- munication. In Proceedings of the IEEE/CVF International Conference on Computer Vision, 7768-7777. Williams, R. J. 1992."
1,Communication-robust multi-agent learning by adaptable auxiliary multi-agent adversary generation,2024,,False,61,72.3,67,"L. Yuan, F. Chen, Z. Zhang, and Y. Yu, ""Communication-robust multi-agent learning by adaptable auxiliary multi-agent adversary generation,"" Frontiers of Computer Science, vol. 18, no. 6, p. 186331, 2024."
1,Resilient multiagent reinforcement learning with function approxi- mation,2024,,False,7,71.6,78,"L. Ye, M. Figura, Y. Lin, M. Pal, P. Das, J. Liu, and V. Gupta, ""Resilient multiagent reinforcement learning with function approxi- mation,"" IEEE Transactions on Automatic Control, vol. 69, no. 12, pp. 8497-8512, 2024."
1,Toward resilient multi-agent actor-critic algorithms for distributed reinforcement learning,2020,,False,39,70.6,78,"Y. Lin, S. Gade, R. Sandhu, and J. Liu, ""Toward resilient multi-agent actor-critic algorithms for distributed reinforcement learning,"" in 2020 American Control Conference (ACC), 2020, pp. 3953-3958."
1,Robust reward-free actor-critic for cooperative multiagent reinforcement learning,2024,,False,39,70.0,78,"Q. Lin and Q. Ling, ""Robust reward-free actor-critic for cooperative multiagent reinforcement learning,"" IEEE Transactions on Neural Networks and Learning Systems, vol. 35, no. 12, pp. 17 318-17 329, 2024."
1,Robust lane change decision for autonomous vehicles in mixed traffic: A safety-aware multi-agent adversarial reinforcement learning approach,2022,,False,110,69.1,53,"Robust lane change decision for autonomous vehicles in mixed traffic: A safety-aware multi-agent adversarial reinforcement learning approach. Transportation Research Part C: Emerging Technologies 172, 105005. doi:10.1016/ j.trc.2025.105005. Wang, Y., Sagawa, R., 2022."
1,Robust multi-agent Q-learning in cooperative games with adversaries,2021,,False,74,68.8,31,"E. Nisioti, D. Bloembergen, and M. Kaisers, ""Robust multi-agent Q-learning in cooperative games with adversaries,"" in Proc. AAAI Workshop Reinforcement Learn. Games, Feb. 2021. [Online]. Available: https://aaai.org/ocs/index.php/WS/AAAIW21/paper/view/17731"
1,An overview on multi-agent consensus under adversarial attacks,2019,,False,47,67.8,60,"An overview on multi-agent consensus under adversarial attacks. Annual Re- views in Control. Li, S.; Wu, Y.; Cui, X.; Dong, H.; Fang, F.; and Russell, S. 2019."
1,Adversarial Ma- chine Learning Attacks and Defences in Multi-Agent Rein- forcement Learning,2018,,False,45,66.7,145,"Adversarial Ma- chine Learning Attacks and Defences in Multi-Agent Rein- forcement Learning. ACM Computing Surveys, 57(5): 1-35. Sutton, R. S.; and Barto, A. G. 2018."
1,Less is more: Robust robot learning via partially observable multi-agent reinforcement learning,2023,2309.1479,False,43,64.8,51,"W. Zhao, E.-A. Rantala, J. Pajarinen, and J. P. Queralta, ""Less is more: Robust robot learning via partially observable multi-agent reinforcement learning,"" 2023, arXiv:2309.1479."
1,Adaptive fault-tolerant tracking control for discrete-time multiagent systems via reinforcement learning algorithm,2021,,False,104,62.9,135,"H. Li, Y. Wu, and M. Chen, ""Adaptive fault-tolerant tracking control for discrete-time multiagent systems via reinforcement learning algorithm,"" IEEE Trans. Cybern., vol. 51, no. 3, pp. 1163-1174, Mar. 2021."
1,Byzantine- resilient multiagent distributed optimization under redundancy,2025,,False,78,62.1,78,"Y. Zhai, Z.-W. Liu, D. Yue, S. Hu, C. Deng, and L. Ye, ""Byzantine- resilient multiagent distributed optimization under redundancy,"" IEEE Transactions on Control of Network Systems, vol. 12, no. 4, pp. 2554- 2567, 2025."
1,Distributed resilience-aware control in multi-robot networks,2025,,False,78,61.7,78,"--, ""Distributed resilience-aware control in multi-robot networks,"" in 2025 IEEE 64th Conference on Decision and Control (CDC), 2025, pp. 3868-3875."
1,Towards a fault-tolerant multi-agent system architecture,2000,,False,77,61.5,77,"S. Kumar and P. R. Cohen, ""Towards a fault-tolerant multi-agent system architecture,"" in Proceedings of the fourth international conference on Autonomous agents, 2000, pp. 459-466."
1,Distributed robust optimization for multi-agent systems with guaranteed finite-time convergence,2023,2309.01201,False,18,61.5,126,"Xunhao Wu and Jun Fu. ""Distributed robust optimization for multi-agent systems with guaranteed finite-time convergence"". In: arXiv preprint arXiv:2309.01201 (2023)."
1,"N., Shah, A., Carroll, M., Seshia, S., Russell, S. J., and Dennis, M. Robust and diverse multi-agent learning via rational policy gradient",2026,,False,43,61.2,13,"Lauffer, N., Shah, A., Carroll, M., Seshia, S., Russell, S. J., and Dennis, M. Robust and diverse multi-agent learning via rational policy gradient. Advances in Neural Informa- tion Processing Systems, 38:136911-136939, 2026."
1,Adaptive frequency and delay compen- sation in multi-agent systems: Enhancing communication efficiency and robustness,2024,,False,75,59.6,67,"J. Wang, Y. Li, and Y. Tang, ""Adaptive frequency and delay compen- sation in multi-agent systems: Enhancing communication efficiency and robustness,"" in International Conference on Cyberspace Simula- tion and Evaluation. Springer, 2024, pp. 182-196."
1,A survey on fault tolerant multi agent system,2016,,False,77,58.5,77,"Y. Arfat and F. E. Eassa, ""A survey on fault tolerant multi agent system,"" IJ Inf. Technol. Comput. Sci, vol. 9, pp. 39-48, 2016."
1,On the hard- ness of decentralized multi-agent policy evaluation under byzantine attacks,2024,,False,15,58.4,78,"Hairi, M. Fang, Z. Zhang, A. Velasquez, and J. Liu, ""On the hard- ness of decentralized multi-agent policy evaluation under byzantine attacks,"" in 2024 International Symposium on Modeling and Opti- mization in Mobile, Ad Hoc, and Wireless Networks (WiOpt), 2024, pp. 257-264."
1,Adversarial policy gradient for alternating markov games,2014,,False,44,57.4,43,"Adversarial policy gradient for alternating markov games. Goodfellow, I.; Pouget-Abadie, J.; Mirza, M.; Xu, B.; Warde- Farley, D.; Ozair, S.; Courville, A.; and Bengio, Y. 2014."
1,Large-scale mean-field federated learning for detection and defense: A byzantine robustness approach in IoT,2024,,False,142,55.9,142,"K. Sun, L. Liu, Q. Pan, J. Li, and J. Wu, ""Large-scale mean-field federated learning for detection and defense: A byzantine robustness approach in IoT,""IEEEInternetThingsJ.,vol.11,no.22,pp.36370-36383,Nov.2024."
1,Fault-tolerant consensus of leader-following multi-agent systems with jointly connected topologies,2023,,False,66,55.5,77,"Y. Li, F. Wang, M. Sader, Z. Liu, and Z. Chen, ""Fault-tolerant consensus of leader-following multi-agent systems with jointly connected topologies,"" Transactions of the Institute of Measurement and Control, vol. 45, no. 9, pp. 1747-1754, 2023."
1,Byzantine-resilient multiagent optimization,2021,,False,78,54.4,78,"L. Su and N. H. Vaidya, ""Byzantine-resilient multiagent optimization,"" IEEE Transactions on Automatic Control, vol. 66, no. 5, pp. 2227- 2233, 2021."
1,Learn- ing markov games with adversarial opponents: Effi- cient algorithms and fundamental limits,2022,2203.06803,False,30,54.0,20,"Qinghua Liu, Yuanhao Wang, and Chi Jin, ""Learn- ing markov games with adversarial opponents: Effi- cient algorithms and fundamental limits,"" arXiv preprint arXiv:2203.06803, 2022."
1,Fault-tolerant cooperative control of multiagent systems: A survey of trends and methodologies,2020,,False,99,53.7,77,"H. Yang, Q.-L. Han, X. Ge, L. Ding, Y. Xu, B. Jiang, and D. Zhou, ""Fault-tolerant cooperative control of multiagent systems: A survey of trends and methodologies,"" IEEE Transactions on Industrial Informatics, vol. 16, no. 1, pp. 4-17, 2020."
1,Data poisoning to fake a nash equilibria for markov games,2024,,False,11,53.1,3,"Wu, Y., McMahan, J., Zhu, X., and Xie, Q. (2024). Data poisoning to fake a nash equilibria for markov games. In Proceedings of the AAAI Conference on Artificial Intelligence, volume 38, pages 15979-15987."
1,Resilient dis- tributed optimization for multiagent cyberphysical systems,2025,,False,33,52.9,78,"M. Yemini, A. Nedi´c, A. J. Goldsmith, and S. Gil, ""Resilient dis- tributed optimization for multiagent cyberphysical systems,"" IEEE Transactions on Automatic Control, vol. 70, no. 6, pp. 3952-3967, 2025."
